{"cameraMode":{"drawMode":0,"name":"Shaded","section":"Shading Mode"},"sceneLighting":false,"audioPlay":false,"sceneViewState":{"m_AlwaysRefresh":false,"showFog":true,"showSkybox":true,"showFlares":true,"showImageEffects":true,"showParticleSystems":true,"showVisualEffectGraphs":true,"m_FxEnabled":true},"in2DMode":false,"pivot":{"x":1627.2257080078125,"y":-466.82232666015627,"z":-217.65505981445313},"rotation":{"x":-0.040517594665288928,"y":-0.8838637471199036,"z":0.4594693183898926,"w":-0.07786717265844345},"size":406.78656005859377,"orthographic":false}