{"cameraMode":{"drawMode":0,"name":"Shaded","section":"Shading Mode"},"sceneLighting":false,"audioPlay":false,"sceneViewState":{"m_AlwaysRefresh":false,"showFog":true,"showSkybox":true,"showFlares":true,"showImageEffects":true,"showParticleSystems":true,"showVisualEffectGraphs":true,"m_FxEnabled":true},"in2DMode":false,"pivot":{"x":1577.2603759765625,"y":58.77617263793945,"z":171.64840698242188},"rotation":{"x":0.39218851923942568,"y":-0.43178507685661318,"z":0.21633194386959077,"w":0.7829479575157166},"size":28.288850784301759,"orthographic":false}