{"cameraMode":{"drawMode":0,"name":"Shaded","section":"Shading Mode"},"sceneLighting":false,"audioPlay":false,"sceneViewState":{"m_AlwaysRefresh":false,"showFog":true,"showSkybox":true,"showFlares":true,"showImageEffects":true,"showParticleSystems":true,"showVisualEffectGraphs":true,"m_FxEnabled":true},"in2DMode":false,"pivot":{"x":1582.091552734375,"y":-138.18722534179688,"z":574.6934814453125},"rotation":{"x":-0.22194376587867738,"y":0.0035069396253675224,"z":-0.0007996959029696882,"w":-0.9750490188598633},"size":266.2486572265625,"orthographic":false}