{"cameraMode":{"drawMode":0,"name":"Shaded","section":"Shading Mode"},"sceneLighting":false,"audioPlay":false,"sceneViewState":{"m_AlwaysRefresh":false,"showFog":true,"showSkybox":true,"showFlares":true,"showImageEffects":true,"showParticleSystems":true,"showVisualEffectGraphs":true,"m_FxEnabled":true},"in2DMode":false,"pivot":{"x":1571.4849853515625,"y":29.305042266845704,"z":146.8119659423828},"rotation":{"x":-0.1327936053276062,"y":0.06803552806377411,"z":-0.009117942303419114,"w":-0.9887754917144775},"size":11.716784477233887,"orthographic":false}