{"cameraMode":{"drawMode":0,"name":"Shaded","section":"Shading Mode"},"sceneLighting":false,"audioPlay":false,"sceneViewState":{"m_AlwaysRefresh":false,"showFog":true,"showSkybox":true,"showFlares":true,"showImageEffects":true,"showParticleSystems":true,"showVisualEffectGraphs":true,"m_FxEnabled":true},"in2DMode":false,"pivot":{"x":1574.2677001953125,"y":19.99091339111328,"z":140.9572296142578},"rotation":{"x":0.43535342812538149,"y":-0.059894636273384097,"z":0.029021648690104486,"w":0.8978054523468018},"size":19.241125106811525,"orthographic":true}